{"elapsed_tokens": 50626.0, "elapsed_examples": 1418.0, "training_loss": 0.0316613781998457, "training_sequence_accuracy": 1.0, "training_token_accuracy": 1.0, "validation_loss": 0.0653744383552038, "validation_sequence_accuracy": 0.0, "validation_token_accuracy": 0.0, "_timestamp": 1683458770.0492854, "_runtime": 3.5022075176239014, "_step": 1418, "classification/accuracy": 0.7872340679168701, "classification/precision": 0.75, "classification/recall": 0.75, "classification/auroc": 0.8518518518518519, "classification/auprc": 0.8378743368665911, "classification/f1.0": 0.75, "fine_tuned_model": "ada:ft-personal-2023-05-07-05-33-03", "status": "succeeded", "_wandb": {"runtime": 23}}