{"elapsed_tokens": 174696.0, "elapsed_examples": 3544.0, "training_loss": 0.0575795364423147, "training_sequence_accuracy": 0.5, "training_token_accuracy": 0.9166666666666666, "validation_loss": 0.0257063105102967, "validation_sequence_accuracy": 1.0, "validation_token_accuracy": 1.0, "_timestamp": 1683956995.8737152, "_runtime": 2.1414501667022705, "_step": 1772, "fine_tuned_model": "curie:ft-personal-2023-05-13-05-29-59", "status": "succeeded", "_wandb": {"runtime": 19}}