Model,Accuracy,F1 Score,Precision,Recall,ROC AUC Score
Bert,0.7021276595744681,0.7010382048049199,0.7226277372262774,0.7557251908396947,0.6951702877275396
GPT-3 Zero Shot,0.6085106382978723,0.5809113201285038,0.8545454545454545,0.35877862595419846,0.6409277745155608
GPT-3 FineTuned,0.8893617021276595,0.8896161637502485,0.92,0.8778625954198473,0.8908543746330007
