Model,Accuracy,F1 Score,Precision,Recall
GPT-3 Zero Shot,0.64,0.6294163295384476,0.7494763729246487,0.64
XLM-roberta Hi En finetuned,0.47,0.36633098245038537,0.3049217181854677,0.47
BanglaBert finetuned-sc,0.54,0.5046703296703297,0.6784848484848485,0.54
Hinglish finetuned-sc,0.25,0.2245679012345679,0.22412729026036643,0.25
MuRIL finetuned-sc,0.38,0.24905263157894736,0.18905149051490514,0.38
Hing-roberta finetuned-code-mixed,0.22,0.14696296296296293,0.30113636363636365,0.22
Bangla XLM-R finetuned-Bangla,0.47,0.41425500607766613,0.4410833333333333,0.47
