{"elapsed_tokens": 312190.0, "elapsed_examples": 7086.0, "training_loss": 0.0213874015487555, "training_sequence_accuracy": 1.0, "training_token_accuracy": 1.0, "validation_loss": 0.15610497184482, "validation_sequence_accuracy": 0.5, "validation_token_accuracy": 0.5, "_timestamp": 1683463410.1620042, "_runtime": 8.45136022567749, "_step": 3543, "classification/accuracy": 0.8111587762832642, "classification/precision": 0.8099173553719008, "classification/recall": 0.8235294117647058, "classification/auroc": 0.8595385522630105, "classification/auprc": 0.856152295486068, "classification/f1.0": 0.8166666666666667, "fine_tuned_model": "davinci:ft-personal-2023-05-07-12-34-28", "status": "succeeded", "_wandb": {"runtime": 22}}